English Name,Translated Name
Adaptability,适应力
Aerilate,飞行皮肤
Aftermath,引爆
Air Lock,气闸
Analytic,分析
Anger Point,愤怒穴位
Anticipation,危险预知
Arena Trap,沙穴
Aroma Veil,芳香幕
As One (Glastrier),人马一体（苍白）
As One (Spectrier),人马一体（漆黑）
Aura Break,气场破坏
Bad Dreams,梦魇
Ball Fetch,捡球
Battery,蓄电池
Battle Armor,战斗盔甲
Battle Bond,牵绊变身
Beast Boost,异兽提升
Berserk,怒火冲天
Big Pecks,健壮胸肌
Blaze,猛火
Bulletproof,防弹
Cheek Pouch,颊囊
Chilling Neigh,苍白嘶鸣
Chlorophyll,叶绿素
Clear Body,恒净之躯
Cloud Nine,无关天气
Color Change,变色
Comatose,绝对睡眠
Competitive,好胜
Compound Eyes,复眼
Contrary,唱反调
Corrosion,腐蚀
Cotton Down,棉絮
Curious Medicine,怪药
Cursed Body,诅咒之躯
Cute Charm,迷人之躯
Damp,湿气
Dancer,舞者
Dark Aura,暗黑气场
Dauntless Shield,不屈之盾
Dazzling,鲜艳之躯
Defeatist,软弱
Defiant,不服输
Delta Stream,德尔塔气流
Desolate Land,终结之地
Disguise,画皮
Download,下载
Dragon's Maw,龙颚
Drizzle,降雨
Drought,日照
Dry Skin,干燥皮肤
Early Bird,早起
Effect Spore,孢子
Electric Surge,电气制造者
Emergency Exit,危险回避
Fairy Aura,妖精气场
Filter,过滤
Flame Body,火焰之躯
Flare Boost,受热激升
Flash Fire,引火
Flower Gift,花之礼
Flower Veil,花幕
Fluffy,毛茸茸
Forecast,阴晴不定
Forewarn,预知梦
Friend Guard,友情防守
Frisk,察觉
Full Metal Body,金属防护
Fur Coat,毛皮大衣
Gale Wings,疾风之翼
Galvanize,电气皮肤
Gluttony,贪吃鬼
Gooey,黏滑
Gorilla Tactics,一猩一意
Grass Pelt,草之毛皮
Grassy Surge,青草制造者
Grim Neigh,漆黑嘶鸣
Gulp Missile,一口导弹
Guts,毅力
Harvest,收获
Healer,治愈之心
Heatproof,耐热
Heavy Metal,重金属
Honey Gather,采蜜
Huge Power,大力士
Hunger Switch,饱了又饿
Hustle,活力
Hydration,湿润之躯
Hyper Cutter,怪力钳
Ice Body,冰冻之躯
Ice Face,结冻头
Ice Scales,冰鳞粉
Illuminate,发光
Illusion,幻觉
Immunity,免疫
Imposter,变身者
Infiltrator,穿透
Innards Out,飞出的内在物
Inner Focus,精神力
Insomnia,不眠
Intimidate,威吓
Intrepid Sword,不挠之剑
Iron Barbs,铁刺
Iron Fist,铁拳
Justified,正义之心
Keen Eye,锐利目光
Klutz,笨拙
Leaf Guard,叶子防守
Levitate,飘浮
Libero,自由者
Light Metal,轻金属
Lightning Rod,避雷针
Limber,柔软
Liquid Ooze,污泥浆
Liquid Voice,湿润之声
Long Reach,远隔
Magic Bounce,魔法镜
Magic Guard,魔法防守
Magician,魔术师
Magma Armor,熔岩铠甲
Magnet Pull,磁力
Marvel Scale,神奇鳞片
Mega Launcher,超级发射器
Merciless,不仁不义
Mimicry,拟态
Minus,负电
Mirror Armor,镜甲
Misty Surge,薄雾制造者
Mold Breaker,破格
Moody,心情不定
Motor Drive,电气引擎
Moxie,自信过度
Multiscale,多重鳞片
Multitype,多属性
Mummy,木乃伊
Natural Cure,自然回复
Neuroforce,脑核之力
Neutralizing Gas,化学变化气体
No Guard,无防守
Normalize,一般皮肤
Oblivious,迟钝
Overcoat,防尘
Overgrow,茂盛
Own Tempo,我行我素
Parental Bond,亲子爱
Pastel Veil,粉彩护幕
Perish Body,灭亡之躯
Pickpocket,顺手牵羊
Pickup,捡拾
Pixilate,妖精皮肤
Plus,正电
Poison Heal,毒疗
Poison Point,毒刺
Poison Touch,毒手
Power Construct,群聚变形
Power Spot,能量点
Power of Alchemy,化学之力
Prankster,恶作剧之心
Pressure,压迫感
Primordial Sea,始源之海
Prism Armor,棱镜装甲
Propeller Tail,螺旋尾鳍
Protean,变换自如
Psychic Surge,精神制造者
Punk Rock,庞克摇滚
Pure Power,瑜伽之力
Queenly Majesty,女王的威严
Quick Draw,速击
Quick Feet,飞毛腿
RKS System,AR系统
Rain Dish,雨盘
Rattled,胆怯
Receiver,接球手
Reckless,舍身
Refrigerate,冰冻皮肤
Regenerator,再生力
Ripen,熟成
Rivalry,斗争心
Rock Head,坚硬脑袋
Rough Skin,粗糙皮肤
Run Away,逃跑
Sand Force,沙之力
Sand Rush,拨沙
Sand Spit,吐沙
Sand Stream,扬沙
Sand Veil,沙隐
Sap Sipper,食草
Schooling,鱼群
Scrappy,胆量
Screen Cleaner,除障
Serene Grace,天恩
Shadow Shield,幻影防守
Shadow Tag,踩影
Shed Skin,蜕皮
Sheer Force,强行
Shell Armor,破壳盔甲
Shield Dust,鳞粉
Shields Down,界限盾壳
Simple,单纯
Skill Link,连续攻击
Slow Start,慢启动
Slush Rush,拨雪
Sniper,狙击手
Snow Cloak,雪隐
Snow Warning,降雪
Solar Power,太阳之力
Solid Rock,坚硬岩石
Soul-Heart,魂心
Soundproof,隔音
Speed Boost,加速
Stakeout,蹲守
Stall,慢出
Stalwart,坚毅
Stamina,持久力
Stance Change,战斗切换
Static,静电
Steadfast,不屈之心
Steam Engine,蒸汽机
Steelworker,钢能力者
Steely Spirit,钢之意志
Stench,恶臭
Sticky Hold,黏着
Storm Drain,引水
Strong Jaw,强壮之颚
Sturdy,结实
Suction Cups,吸盘
Super Luck,超幸运
Surge Surfer,冲浪之尾
Swarm,虫之预感
Sweet Veil,甜幕
Swift Swim,悠游自如
Symbiosis,共生
Synchronize,同步
Tangled Feet,蹒跚
Tangling Hair,卷发
Technician,技术高手
Telepahty,心灵感应
Telepathy,心灵感应
Teravolt,兆级电压
Thick Fat,厚脂肪
Tinted Lens,有色眼镜
Torrent,激流
Tough Claws,硬爪
Toxic Boost,中毒激升
Trace,复制
Transistor,电晶体
Triage,先行治疗
Truant,懒惰
Turboblaze,涡轮火焰
Unaware,纯朴
Unburden,轻装
Unnerve,紧张感
Unseen Fist,无形拳
Victory Star,胜利之星
Vital Spirit,干劲
Vital spirit,干劲
Volt Absorb,蓄电
Wandering Spirit,游魂
Water Absorb,储水
Water Bubble,水泡
Water Compaction,遇水凝固
Water Veil,水幕
Weak Armor,碎裂铠甲
White Smoke,白色烟雾
Wimp Out,跃跃欲逃
Wonder Guard,神奇守护
Wonder Skin,奇迹皮肤
Zen Mode,达摩模式